temperature,top_k,max_length,output
0.2,10,50,"In the future, artificial intelligence will be able to do things like search for people, track people, and even track people in real time.

The technology will also be able to do things like search for people, track people, and even track"
0.2,10,100,"In the future, artificial intelligence will be able to do things like search for a person's name, or to search for a person's address.

""We're going to see a lot of things that are going to be very interesting in the future,"" said Dr. David B. Bower, a professor of computer science at the University of California, Berkeley.

Bower said that the technology could be used to search for people's names, and to search for a person's address"
0.2,10,150,"In the future, artificial intelligence will be able to do things like read and write, and it will be able to do things like read and write, and it will be able to do things like read and write, and it will be able to do things like read and write, and it will be able to do things like read and write, and it will be able to do things like read and write, and it will be able to do things like read and write, and it will be able to do things like read and write, and it will be able to do things like read and write, and it will be able to do things like read and write, and it will be able to do things like read and write, and it will"
0.2,30,50,"In the future, artificial intelligence will be able to do things like search for and find people, and to do things like search for and find people.

""We're going to see a lot of things that are going to be very interesting,"""
0.2,30,100,"In the future, artificial intelligence will be able to do things like search for information about people, or even just find out what people are saying.

""We're going to see a lot of things that are going to be very interesting,"" said John D. Gage, a professor of computer science at the University of California, Berkeley.

""We're going to see a lot of things that are going to be very interesting,"" said D.Gage, who is also a professor"
0.2,30,150,"In the future, artificial intelligence will be able to do things like search for people, track people's movements, and even identify people's faces.

""We're going to see that in the future,"" says Dr. Martin.

The technology could also be used to help people with disabilities find jobs.

""It's going to be a lot of work to get people to work,"" says Dr. Martin. ""But we're going to see it in the future.""

The research was funded by the National Science Foundation and the National Institutes of Health.

The research was published in the journal Nature Communications.<|endoftext|>"
0.2,50,50,"In the future, artificial intelligence will be able to do things like search for information about people, track people's movements, and even track their movements in real time.

""It's going to be a lot of work to get this to work"
0.2,50,100,"In the future, artificial intelligence will be able to do more than just read and write. It will also be able to do more than just read and write. It will also be able to do more than just read and write.

The future of AI will be a lot like the future of computers. It will be a lot like the future of computers. It will be a lot like the future of computers.

The future of AI will be a lot like the future of computers."
0.2,50,150,"In the future, artificial intelligence will be able to do more than just read people's minds. It will also be able to learn from them.

The future of artificial intelligence is going to be a lot more complex than we've ever imagined. It's going to be a lot more complex than we've ever imagined.

The future of artificial intelligence is going to be a lot more complex than we've ever imagined. It's going to be a lot more complex than we've ever imagined.

The future of artificial intelligence is going to be a lot more complex than we've ever imagined. It's going to be a lot more complex than we've ever imagined.

The future of artificial intelligence is going to be a lot"
0.2,100,50,"In the future, artificial intelligence will be able to do things like search for people, find people, find people, find people, find people, find people, find people, find people, find people, find people, find people, find people,"
0.2,100,100,"In the future, artificial intelligence will be able to do things like search for information about people, or to search for information about people who are in the same situation as you.

""We're going to see a lot of these things happening in the future,"" he said. ""We're going to see a lot of these things happening in the future.""

The technology is already being used to help people with disabilities, including people with autism.

""We're going to see a"
0.2,100,150,"In the future, artificial intelligence will be able to do things like search for people, find people, and find people's names.

""We're going to see a lot of things that are going to be very interesting,"" said Dr. Richard L. B. Haldane, a professor of computer science at the University of California, Berkeley.

The technology could also help people find their way to the next level, he said.

""It's going to be very interesting to see how it works,"" he said.

The research is published in the journal Nature Communications.<|endoftext|>"
0.5,10,50,"In the future, artificial intelligence will be able to do all of that.

I'm not a mathematician, but I'm a physicist. I'm a physicist with a strong interest in the future of science. I am interested in the future of"
0.5,10,100,"In the future, artificial intelligence will be able to learn from the past and adapt to the present.

""The future of artificial intelligence is going to be much more complex than we have previously thought,"" said Michael B. O'Neill, a professor of computer science at the University of California, Berkeley. ""There are many different ways to do it. The best way is to have a computer that can learn from the past and adapt to the future.""

The new technology, called artificial"
0.5,10,150,"In the future, artificial intelligence will be able to understand your thoughts and emotions, and will be able to understand your needs and preferences.

We will be able to understand your life and what it means to you. We will be able to understand your goals, and your emotions. We will be able to understand your emotions and your thoughts. We will be able to understand your emotions and your thoughts. We will be able to understand your emotions and your thoughts. We will be able to understand your emotions and your thoughts. We will be able to understand your emotions and your thoughts. We will be able to understand your emotions and your thoughts. We will be able to understand your emotions and your thoughts. We will be able to understand your emotions and"
0.5,30,50,"In the future, artificial intelligence will be the dominant force in the world, and it will become the dominant force in the world's economy. It will be the dominant force in the world's economy, and it will become the dominant force in the world"
0.5,30,100,"In the future, artificial intelligence will be able to make decisions, and to make them in a way that is very different from the way humans do.

""The goal is to make people think. We don't want to be in a situation where we're going to be able to make decisions based on what we know, or what we don't know.""

The project involves the European Union, the United States, Japan, South Korea, China, the Netherlands, and others.
"
0.5,30,150,"In the future, artificial intelligence will be able to create new kinds of services and services that are not currently available to humans.

""We are not going to be able to predict what will happen to the world's future. We just want to see what happens,"" said Dr. Hildebrandt.<|endoftext|>"
0.5,50,50,"In the future, artificial intelligence will be able to do things like search for information from people, and share it with other people.

This is a very big step forward for AI. It's an important step, because now it's possible to"
0.5,50,100,"In the future, artificial intelligence will be able to work with humans to solve problems, and this is one of the most important challenges in the field.

""It's a challenge that we have to solve,"" said Dr. Srinivasan. ""We have to find a way to solve it.""

Explore further: Researchers discover a way to solve a problem

More information: ""The 'solution' of a problem by artificial intelligence: A theoretical framework for solving it,"""
0.5,50,150,"In the future, artificial intelligence will be able to learn, and it will need to learn, ways to learn. These are the challenges that we face today.

It is hard to imagine how things could be different with AI. We might not be able to understand what it is like to be human, but we might be able to understand what it is like to be human. It is hard to imagine how things could be different with AI. We might not be able to understand what it is like to be human, but we might be able to understand what it is like to be human. It is hard to imagine how things could be different with AI. We might not be able to understand what it is like to be human, but we"
0.5,100,50,"In the future, artificial intelligence will be able to create a computer that can perform tasks that are beyond human ability. This will give the human driver the ability to control the vehicle and, in turn, the vehicle's ability to take care of itself."
0.5,100,100,"In the future, artificial intelligence will be a thing of the past.

The Future

This is where we come in.

In the future, artificial intelligence will be a thing of the past.

The future is our future.

We are the future.

We are the future.

We are the future.

We are the future.

We are the future.

We are the future.

We are the future."
0.5,100,150,"In the future, artificial intelligence will be able to recognize the attributes of people, and it will be able to make judgments about those attributes.

The same is true of intelligence. The more intelligent, the more likely it is that an individual will be able to make judgments about that individual.

In a world where machines are becoming more advanced, AI will be able to recognize all the attributes of people.

The same is true of intelligence. The more intelligent, the more likely it is that an individual will be able to make judgments about that individual.

A computer will be able to recognize people, and it will be able to make judgments about those judgments.

If you think about it, if you think about it"
0.8,10,50,"In the future, artificial intelligence will take over the world and replace human-like human intelligence, according to the research.

The new technology is based on the work of MIT's Computer Vision Lab, which is also developing a ""computer vision system"
0.8,10,100,"In the future, artificial intelligence will also be able to perform a variety of tasks without the need for human supervision, says Prof. Hui, who is also a professor at the University of California-San Diego. ""It will be possible to build a system that will automatically take care of you and take care of itself, and not you. That's a great idea.""

In the near future, he says, ""there might be some sort of machine that will be able to do all"
0.8,10,150,"In the future, artificial intelligence will be used to help us better understand things, and it will be used to help us understand the world.

I've been working on this for about a year, and it's been really inspiring.

What do you think it'll be like to work on Artificial Intelligence as a scientist?

It's really interesting and I think it's pretty exciting to learn so much about the human brain.

And how will it work in your lab?

The way the brain works, it's really different than what you'd expect. It's different from what we're used to, but it's still a very interesting and interesting thing to see and do.

And how will you make"
0.8,30,50,"In the future, artificial intelligence will likely become a major driver of global health and economic activity. It is important to note that the development of artificial intelligence is already underway and can be accelerated by a combination of technical advances, including the introduction of new technologies"
0.8,30,100,"In the future, artificial intelligence will become a viable field of research that can be used to enhance our understanding of how natural selection interacts with natural selection.

In the meantime, many questions remain about the future of artificial intelligence. One is how much of the future of artificial intelligence is made up of the same set of problems, issues or problems that might arise in a natural selection scenario, or at least of a less-than-natural selection scenario.

This is a difficult question to answer"
0.8,30,150,"In the future, artificial intelligence will replace us.

You could imagine how you'd like your own future to look like, and that would be the goal.

The future is already here, after all.

How can we make a living on your behalf?

To think of it this way, one of the biggest challenges for AI is getting humans to recognize the potential of the world that they live in.

But how to get that recognition?

It's a good question.

I want to look at this question like a puzzle piece.

I want to make it clear what this question is really about.

In real life, it's not about who is making the decisions. It"
0.8,50,50,"In the future, artificial intelligence will act as a driver for the future of medicine, research and innovation.""

This research was supported in part by the National Institute of Health (NIH), the National Institute for Health and Human Development (NICE"
0.8,50,100,"In the future, artificial intelligence will be a force for good. And it is just the beginning. We are the only nation on Earth where an intelligent civilization is going to triumph, and not one of us can be the sole winner.

The Future of AI

The future of AI is in the books and movies. We're going to watch movies. We're going to watch the internet. And we're going to watch technology change a lot.

I've seen the last few"
0.8,50,150,"In the future, artificial intelligence will be one of the central goals of the National Security Agency (NSA).

A few months ago, I wrote about the need for human intelligence to be deployed in intelligence-gathering systems. Now that I have spoken to a number of government leaders, including the intelligence director of the National Security Agency, General Keith Alexander, and my two former colleagues, Robert Parry and John Stossel, I am excited to discuss what might be a viable solution. The problem is, though, we don't have the capability to deploy, and it isn't possible to automate, the entire intelligence workforce.

While it might be possible to deploy an entire intelligence system, it is not possible to automate the entire intelligence"
0.8,100,50,"In the future, artificial intelligence will be able to predict when people will act, and it will quickly learn on the spot what might happen to them. This will make it easier for scientists to use machines to test human behavior.

By 2020,"
0.8,100,100,"In the future, artificial intelligence will lead the way, but in the meantime, it will need to learn from every single one of its adversaries. The United States has already done a great deal to learn from the Soviet Union; the Soviet Union has already learned from China; the United States has already learned from South Korea. But we also have to learn how to learn from, and learn from, all these countries and countries that dominate our societies.

For example, we've recently increased technological sophistication"
0.8,100,150,"In the future, artificial intelligence will make us smarter and better at everything.

Advertisement

The future of security

Robots, bots, and augmented reality will be one of the most powerful of all technologies. But we're not going to live in a world fully automated. We've arrived at a time in our history when the world is at war with itself, and our future is changing rapidly.

Advertisement

AI could be better at everything, and people are going to benefit from it. A study in the Journal of Experimental Psychology found that in the last decade, the number of people who used Artificial Intelligence to care about security has plummeted from nearly 800 million to less than 17 million, as seen in the field.
"
1.2,10,50,"In the future, artificial intelligence will be used to build a more robust society, but at present it's not clear what that means.

In fact, there are some indications that artificial intelligence, as it develops, may eventually reach a level of"
1.2,10,100,"In the future, artificial intelligence will have its own set of rules. In the first half of the 20th Century this was a matter of how much data they could gather and how many of them could fit into the database. It was very difficult to know exactly which of the rules was applicable to each data entry. But, in the next 20 years, it will become clear that many rules will be applicable.

This is the future of human knowledge. It is the future of knowledge that comes"
1.2,10,150,"In the future, artificial intelligence will be capable of solving the many questions people face on a daily basis in the fields of human intelligence:

• How do you get to your goal without having to do something else, such as spending your time on a job?

• How do you make friends?

• Are there ways for someone who's already done something to improve their life, to find ways to make a difference and make a difference for themselves?

• How do you get into the world and get there by yourself?

• How do you get from here to there without having to go on the streets or go to places that are not available?

• How do you get to this level of freedom without"
1.2,30,50,"In the future, artificial intelligence will be able to be used to assist individuals without them knowing what information it requires at the same time. Artificial intelligence could also improve in our everyday experiences. The current level of education is still at an average of four years"
1.2,30,100,"In the future, artificial intelligence will be developed and tested in ways that will make it even more appealing to the broader community. There really is not one of many ways these AI may benefit from artificial medicine. But, by being applied globally, they will continue to benefit not just humans at work, but around the world as well. A new paradigm could be born here as AI becomes increasingly sophisticated and has already begun to understand many different social and behavioral conditions and patterns.<|endoftext|>"
1.2,30,150,"In the future, artificial intelligence will eventually find solutions to all the challenges we face today. It is no longer about creating smarter software and smarter machines. It was all about using science and technology to solve problems.

In the next decades, we will build a world without artificial intelligence. It is not going anywhere. It may exist forever in a future civilization, or a post-apocalyptic future.

This is not good news for any single entity, no matter whose domain that technology should move in in. But there is good news.

The only possible consequence of this approach will be that humans will no longer be capable of designing smart machines for life in an ever more advanced world.

How far ahead should humans go?"
1.2,50,50,"In the future, artificial intelligence will make it possible to make predictions on behavior by using more abstract mathematics.

""This is all part of my new project to test predictiveness and predictability,"" McElroy explained to Scientific American. For the"
1.2,50,100,"In the future, artificial intelligence will likely be considered a mainstream technology in some form. At the present time only a rudimentary level of artificial intelligence can serve as an important part of a modern life cycle, perhaps becoming part of social structures and society.

We also saw the development of intelligent robots that could easily compete with us with different forms of technology available today. Even though the development has been in development for some 20 years and advances in artificial intelligence have been achieved in an ever increasing part of the"
1.2,50,150,"In the future, artificial intelligence will go in the mix in order to create a more secure, decentralized way of thinking across the web.<|endoftext|>"
1.2,100,50,"In the future, artificial intelligence will make the world like cars, because they will be more fun.

Advertisement

NordVPN


Get Ready in 4 Minutes for an Adafruit Cyber PowerPC.<|endoftext|>"
1.2,100,100,"In the future, artificial intelligence will get much simpler (like, by design of course), and can evolve even faster than our brains. In the mid-twenties, a postdoctoral researcher in the department led by Surov pointed to one promising way that intelligence's future could be improved: artificial computation, the ability to think clearly and respond accurately. But his effort could spur even more progress before it was done. His team then tested how computer computation could be more closely related to physical thinking"
1.2,100,150,"In the future, artificial intelligence will be a necessity for the development of algorithms that reduce human exposure to risk factors such as climate change, criminal or medical risks. However, recent evidence suggests that their benefit will not be easily available to society, despite the benefits and downsides.

When artificial intelligence begins its rapid and continuous expansion into the next decades, it will play a crucial role to protect our health and interests. In its current form, artificial intelligence is already capable of taking on risk-conscious and potentially fatal roles that in turn undermine our environmental resilience. For example, genetically modified crops appear capable of preventing rabies, hepatitis and cholera from developing into public health hazards. Although the benefit of such products would vary between companies, the research"
